tokenAddress;chainId;receiverAddress;value
0xffe3CDC92F24988Be4f6F8c926758dcE490fe77E;8453;0x8673d23bacdb4f85d5b04d7c63f8bfd15941ff48;1.68552e+23
0xffe3CDC92F24988Be4f6F8c926758dcE490fe77E;8453;0xa0beccf5aa2bed1978fcca4b8aa9bcee89ef23eb;1.68552e+23
0xffe3CDC92F24988Be4f6F8c926758dcE490fe77E;8453;0xed21735dc192dc4eeafd71b4dc023bc53fe4df15;1.68552e+23
0xffe3CDC92F24988Be4f6F8c926758dcE490fe77E;8453;0x103ac82daf13da683f6251dc0c5008198fb2a402;1.68552e+23
0xffe3CDC92F24988Be4f6F8c926758dcE490fe77E;8453;0x28a0fd1f4c5bce2a865620b82ed7b6625a4ea102;1.68552e+23
0xffe3CDC92F24988Be4f6F8c926758dcE490fe77E;8453;0x78a325fab6734b61a5f347adaa9ec9e79ff70204;1.68552e+23
0xffe3CDC92F24988Be4f6F8c926758dcE490fe77E;8453;0x342338dd5e3c3b35e7374f08cccd3b36bce7529e;1.68552e+23
0xffe3CDC92F24988Be4f6F8c926758dcE490fe77E;8453;0x54a4b60e1ad00d81acce4a5d6314a6e7158a86cb;1.68552e+23
0xffe3CDC92F24988Be4f6F8c926758dcE490fe77E;8453;0xe336fecf829f15914699791452d13c485708fc0a;1.68552e+23
0xffe3CDC92F24988Be4f6F8c926758dcE490fe77E;8453;0xa290b6a91ad7e5a31b67e5818e943de734526656;1.68552e+23
0xffe3CDC92F24988Be4f6F8c926758dcE490fe77E;8453;0x2965970af382332af40ff2a624e85600c65163de;1.68552e+23
0xffe3CDC92F24988Be4f6F8c926758dcE490fe77E;8453;0x2857dddab8971335c46d249f49fcf1b35bdfa3a9;1.68552e+23
0xffe3CDC92F24988Be4f6F8c926758dcE490fe77E;8453;0xbd896019a40dc76d463b793e641eb6defeed3043;1.68552e+23
0xffe3CDC92F24988Be4f6F8c926758dcE490fe77E;8453;0xd3f2ac56e52f52208120da31c427aff2dbe99992;1.68552e+23
0xffe3CDC92F24988Be4f6F8c926758dcE490fe77E;8453;0x3e82491aa3a1536f59001b6c02afb7d2457da58d;1.68552e+23
0xffe3CDC92F24988Be4f6F8c926758dcE490fe77E;8453;0xcb6d05d8253a725dff71b67488bb6ca7a711a9a5;1.68552e+23
0xffe3CDC92F24988Be4f6F8c926758dcE490fe77E;8453;0xf37e3834a1e16fe03c99d997a7a8c9de496e3fee;1.68552e+23
0xffe3CDC92F24988Be4f6F8c926758dcE490fe77E;8453;0x6e9fd384cb13ff073cd3b2ae0d40b5b010ede04e;1.68552e+23
0xffe3CDC92F24988Be4f6F8c926758dcE490fe77E;8453;0xbaba775a0400a5e442335ceaa4820edb1ded8f73;1.68552e+23
0xffe3CDC92F24988Be4f6F8c926758dcE490fe77E;8453;0x2a234b41029eaad308c3c2a255f0ea9963ec0531;1.68552e+23
0xffe3CDC92F24988Be4f6F8c926758dcE490fe77E;8453;0x0fabf023b032659195f9d8590affc257412bb5d6;1.68552e+23
0xffe3CDC92F24988Be4f6F8c926758dcE490fe77E;8453;0x2141312cfac5b5e328d210d91c78ff69daaec90a;1.68552e+23
0xffe3CDC92F24988Be4f6F8c926758dcE490fe77E;8453;0xc445797278c2e975e0c493980fe76518718923f8;1.68552e+23
0xffe3CDC92F24988Be4f6F8c926758dcE490fe77E;8453;0xa9fd03e154e1b3cbe88f1b515e7ebdab2d640b60;1.68552e+23
0xffe3CDC92F24988Be4f6F8c926758dcE490fe77E;8453;0x5b93b0f4f915d93dcc79c8ca0a9f442487aeb937;1.68552e+23
0xffe3CDC92F24988Be4f6F8c926758dcE490fe77E;8453;0x4318cc449b1cbe6d64dd82e16abe58c79e076c2b;1.68552e+23
0xffe3CDC92F24988Be4f6F8c926758dcE490fe77E;8453;0xb8b984a5f7652c9fa3765174489b51c880fc99fe;1.68552e+23
0xffe3CDC92F24988Be4f6F8c926758dcE490fe77E;8453;0x82d746d7d53515b22ad058937ee4d139ba09ff07;1.68552e+23
0xffe3CDC92F24988Be4f6F8c926758dcE490fe77E;8453;0x3ee2265f239b3aa5307447c6e88f58036be54524;1.68552e+23
0xffe3CDC92F24988Be4f6F8c926758dcE490fe77E;8453;0xc8c0338ac6baa0b72f05d30a976d63ad3c4bfda4;1.68552e+23
0xffe3CDC92F24988Be4f6F8c926758dcE490fe77E;8453;0x445843a03291adc44f64e99a914f0e88240df3b3;1.68552e+23
0xffe3CDC92F24988Be4f6F8c926758dcE490fe77E;8453;0xdd560982105c7dfe35526175a5339829d43c440d;1.68552e+23
0xffe3CDC92F24988Be4f6F8c926758dcE490fe77E;8453;0xce64ba0c1a72eb7734a03ae006fb82f06dcfddde;1.68552e+23
0xffe3CDC92F24988Be4f6F8c926758dcE490fe77E;8453;0x68d0239df5dc4c211f4e260174567608b9c7e444;1.68552e+23
0xffe3CDC92F24988Be4f6F8c926758dcE490fe77E;8453;0x51e3b7d7a42a3b0b2147b94dec8574583c725945;1.68552e+23
0xffe3CDC92F24988Be4f6F8c926758dcE490fe77E;8453;0x7e90c5934963b9f072e949572578d7e62949285d;1.68552e+23
0xffe3CDC92F24988Be4f6F8c926758dcE490fe77E;8453;0xfaad3f4675f07936ff376cdfb90433d1d3ce1d0a;1.68552e+23
0xffe3CDC92F24988Be4f6F8c926758dcE490fe77E;8453;0x570852d4c73283e99d49bfbb141d23ae8bc66423;1.68552e+23
0xffe3CDC92F24988Be4f6F8c926758dcE490fe77E;8453;0x0ebdf9c23cc4da2fa47ba7d3e27f33ee2fcb08b3;1.68552e+23
0xffe3CDC92F24988Be4f6F8c926758dcE490fe77E;8453;0xfa602c2ada149e3d96aaf6d011edd1a5911d58d4;1.68552e+23
0xffe3CDC92F24988Be4f6F8c926758dcE490fe77E;8453;0x5c8f77be6639cbd5b669e409c610926cc4e0e6ae;1.68552e+23
0xffe3CDC92F24988Be4f6F8c926758dcE490fe77E;8453;0x1d1c1464be95f725665d7555a42c5238c6e3dfa3;1.68552e+23
0xffe3CDC92F24988Be4f6F8c926758dcE490fe77E;8453;0xc728dea8b2972e6e07493be8dc2f0314f7dc3e98;1.68552e+23
0xffe3CDC92F24988Be4f6F8c926758dcE490fe77E;8453;0x7dd44cd59d0320a8a2a0a6f521bfe767108dd2e3;1.68552e+23
0xffe3CDC92F24988Be4f6F8c926758dcE490fe77E;8453;0x9346f1d460cbc0fca01997f1e5940fd55675173d;1.68552e+23
0xffe3CDC92F24988Be4f6F8c926758dcE490fe77E;8453;0x9c31993be9e616139a4f07092a3e1ff523a85f3c;1.68552e+23
0xffe3CDC92F24988Be4f6F8c926758dcE490fe77E;8453;0x1cd031ced1d63ac57592ca291f9c5c4772fe7549;1.68552e+23
